region,Site name,Is the  site  well cleaned and maintained?,,
2294,manet court,-1,8,manet court/100_0444.jpg
2295,manet mtn,-1,8,manet mtn/100_0458.jpg
1207,NSAWAM RS,-1,8,NSAWAM RS/100_3506.jpg
940,KIBI,-1,8,KIBI/100_4064.jpg
1277,OSINO GT,-1,8,OSINO GT/100_4228.jpg
25,0785 OSINO,-1,8,0785 OSINO/100_4309.jpg
1158,NEW TAFO (OLD 105),-1,8,NEW TAFO (OLD 105)/100_9582.jpg
28,0797 NEW TAFO,-1,8,0797 NEW TAFO/100_9711.jpg
1029,KUKURANTUMI,-1,8,KUKURANTUMI/100_9805.jpg
1131,NANKESE,-1,8,NANKESE/101_0002.jpg
1775,ASOKUSA POLICE ST,-1,8,ASOKUSA POLICE ST/20121012_080945.jpg
1665,0308ADUM,-1,8,0308ADUM/cs0185_ct0007_se0053_1350130354576.jpg
1669,Adum Central,-1,8,Adum Central/cs0479_ct0003_se0047_1352475792456.jpg
1643,ABOASO,-1,8,ABOASO/cs0487_ct0003_se0064_1351267099358.jpg
615,BOSOMOISO MTN,-1,8,BOSOMOISO MTN/cs0509_ct0002_se0007_1350555020331.jpg
1422,TAKORADI 2,-1,8,TAKORADI 2/cs0693_ct0001_se0012_1350469430017.jpg
1356,SHAMA MTN,-1,8,SHAMA MTN/cs0697_null_null_1351522262791.jpg
1271,OSEI KOJO MTN,-1,8,OSEI KOJO MTN/cs0697_null_null_1351522465463.jpg
206,ABOADZE MTN,-1,8,ABOADZE MTN/cs0703_null_null_1352298361915.jpg
1688,Agric Nzema,-1,8,Agric Nzema/cs0949_ct0012_se0004_1350734251854.jpg
1673,0314AFRANCHO,-1,8,0314AFRANCHO/cs1064_ct0003_se0047_1351599775796.jpg
898,JUABOSO MTN,-1,8,JUABOSO MTN/cs1151_ct0003_se0047_1350403718413.jpg
472,ASASETRE MTN,-1,8,ASASETRE MTN/cs1157_null_null_1352287308238.jpg
351,AKONTOMBRA MTN,-1,8,AKONTOMBRA MTN/cs1159_ct0004_se0008_1350553163649.jpg
779,ESSAM DBISO MTN,-1,8,ESSAM DBISO MTN/cs1171_null_null_1351765451148.jpg
991,KOJOKROM 2 MTN,-1,8,KOJOKROM 2 MTN/cs1174_ct0003_se0047_1350477425182.jpg
767,EFFIA KUMA MTN,-1,8,EFFIA KUMA MTN/cs1204_null_null_1351426524641.jpg
1337,SEFWI WIASO MTN,-1,8,SEFWI WIASO MTN/cs1205_null_null_1352029562504.jpg
124,2839EKUAS_PRSON,-1,8,2839EKUAS_PRSON/cs1207_null_null_1352038004308.jpg
105,2731NEW_TAKRADI,-1,8,2731NEW_TAKRADI/cs1498_null_null_1351427776229.jpg
107,2733SEFI_DWNASE,-1,8,2733SEFI_DWNASE/cs1500_ct0001_se0012_1350486888558.jpg
108,2735ESSEM_SIKMA,-1,8,2735ESSEM_SIKMA/cs1504_null_null_1351964866859.jpg
688,DCS_SEKONDI_GT,-1,8,DCS_SEKONDI_GT/cs1505_null_null_1351506341600.jpg
111,2740MPENTEMSRI,-1,8,2740MPENTEMSRI/cs1510_null_null_1351412682912.jpg
1342,SEKONDI,-1,8,SEKONDI/cs1512_null_null_1351583622668.jpg
777,ESIKADO,-1,8,ESIKADO/cs1514_null_null_1351494041248.jpg
112,2744ASSORKWA,-1,8,2744ASSORKWA/cs1522_ct0003_se0047_1350494159260.jpg
1299,PIPEANO 1800,-1,8,PIPEANO 1800/cs1593_null_null_1350981826228.jpg
1614,YADABRAA,-1,8,YADABRAA/cs1599_null_null_1351519916083.jpg
123,2827EFFIA_MAKET,-1,8,2827EFFIA_MAKET/cs1607_null_null_1352107275095.jpg
125,2840KOFIKROM,-1,8,2840KOFIKROM/cs1616_null_null_1351958584766.jpg
1476,TANOKROM WEST AIRTEL,-1,8,TANOKROM WEST AIRTEL/cs1619_null_null_1351257896580.jpg
127,2850SKYYTV,-1,8,2850SKYYTV/cs1623_null_null_1351416963003.jpg
1435,TAKORADI_EX_GT,-1,8,TAKORADI_EX_GT/cs1944_null_null_1351075190565.jpg
1420,TAKORADI (OLD162),-1,8,TAKORADI (OLD162)/cs1945_null_null_1351073107386.jpg
130,2862AHIBENSO MTN,-1,8,2862AHIBENSO MTN/cs1946_null_null_1351780360041.jpg
875,Inchaban Airtel,-1,8,Inchaban Airtel/cs1953_null_null_1352123852464.jpg
1433,TAKORADI SIC TIGO,-1,8,TAKORADI SIC TIGO/cs1971_null_null_1351253492241.jpg
1432,TAKORADI SHOP,-1,8,TAKORADI SHOP/cs1985_null_null_1351577361690.jpg
1430,TAKORADI POLYTECHNIC AIRTEL,-1,8,TAKORADI POLYTECHNIC AIRTEL/cs2250_null_null_1351420688793.jpg
1426,TAKORADI KOJOKROM,-1,8,TAKORADI KOJOKROM/cs2285_null_null_1351341861132.jpg
1378,SOPUMU DUNKWA TIGO,-1,8,SOPUMU DUNKWA TIGO/cs2592_null_null_1351407692661.jpg
1362,SKY TV,-1,8,SKY TV/cs2592_null_null_1351408123345.jpg
1349,SEKONDI_GT,-1,8,SEKONDI_GT/cs2791_null_null_1351416623307.jpg
1346,SEKONDI ADIEMBRA,-1,8,SEKONDI ADIEMBRA/cs2878_null_null_1351347515321.jpg
1338,SEFWI WIAWSO TIGO,-1,8,SEFWI WIAWSO TIGO/cs2901_null_null_1350986346335.jpg
183,3895ANAJI_NAMIB,-1,8,3895ANAJI_NAMIB/cs2931_ct0003_se0047_1350199115724.jpg
2539,0629SANDEMA,-1,8,0629SANDEMA/cs3931_ct0011_se0018_2169.jpg
1198,NSAWAM,-1,8,NSAWAM/cs4620_ct0003_se0003_1003565.jpg
1668,0397ADUM_3,-1,8,0397ADUM_3/cs4890_ct0007_se0021_1351346224738.jpg
2541,0699ZEBILA,-1,8,0699ZEBILA/cs4893_ct0002_Se0007_985 - Copy.jpg
769,EFFIAKUMA_NORTH,-1,8,EFFIAKUMA_NORTH/cs5019_ct0001_se0012_1350995797156.jpg
830,Harbour Ghana Post,-1,8,Harbour Ghana Post/cs5056_ct0003_se0064_1351089203011.jpg
1068,KWESIMINTIM,-1,8,KWESIMINTIM/cs5187_ct0003_se0047_1351152623707.jpg
1102,MARKET CIRCLE,-1,8,MARKET CIRCLE/cs5191_ct0003_se0064_1349957929424.jpg
1154,NEW SITE,-1,8,NEW SITE/cs5226_null_null_1352041945126.jpg
1217,NTWAABAN,-1,8,NTWAABAN/cs5232_ct0004_se0016_1351259074390.jpg
1270,OPPONG VALLEY,-1,8,OPPONG VALLEY/cs5256_null_null_1352122323744.jpg
1284,PALMLAND,-1,8,PALMLAND/cs5453_null_null_1351521527419.jpg
937,KETE KRACHI AIRTEL,-1,8,KETE KRACHI AIRTEL/DSC00090.jpg
2,0146 SOMANYA AIRTEL,-1,8,0146 SOMANYA AIRTEL/DSC00703.jpg
1021,KROBO ODUMASE,-1,8,KROBO ODUMASE/DSC00884.jpg
1387,SUHUM,-1,8,SUHUM/DSC01547.jpg
973,Koforidua 6,-1,8,Koforidua 6/DSC01905.jpg
971,Koforidua 4,-1,8,Koforidua 4/DSC02109.jpg
988,KOFO-SSNIT,-1,8,KOFO-SSNIT/DSC02254.jpg
1136,NARKWA MTN,-1,8,NARKWA MTN/DSC02739.jpg
1093,MANKESSIM MTN,-1,8,MANKESSIM MTN/DSC02813.jpg
1095,MANKESSIM VODAFONE,-1,8,MANKESSIM VODAFONE/DSC02936.jpg
1110,MOREE JUNCTION,-1,8,MOREE JUNCTION/DSC03404.jpg
1109,MOREE 2 MTN,-1,8,MOREE 2 MTN/DSC03572.jpg
1111,MOREE MTN,-1,8,MOREE MTN/DSC03623.jpg
5046,Brofoyedru,-1,8,Brofoyedru/DSC05536.jpg
1094,Mankessim old 144,-1,8,Mankessim old 144/DSC05629.jpg
6858,0163TRADE_FAIR2,-1,8,0163TRADE_FAIR2/DSCF1186.jpg
2487,TEMA 1,-1,8,TEMA 1/DSCF1248.jpg
2145,MICHEL CAMP SANCO 4,-1,8,MICHEL CAMP SANCO 4/DSCF1469.jpg
2306,MICHEL_CAMP_SANCO_4,-1,8,MICHEL_CAMP_SANCO_4/DSCF1469.jpg
2417,Pokuase Hill,-1,8,Pokuase Hill/DSCF5261.jpg
2414,POKUASE,-1,8,POKUASE/DSCF5261.jpg
2303,medie mtn,-1,8,medie mtn/DSCF5404.jpg
2302,medie airtel,-1,8,medie airtel/DSCF5404.jpg
2520,Trasacco 1800,-1,8,Trasacco 1800/DSCF5525.jpg
1589,Winneba 3 MTN,-1,8,Winneba 3 MTN/DSCI0032.jpg
1411,Swedro Tigo,-1,8,Swedro Tigo/DSCI0151.jpg
312,Agona Swedru MTN,-1,8,Agona Swedru MTN/DSCI0180.jpg
5965,Assin Sibenso,-1,8,Assin Sibenso/DSCI0401.jpg
5161,Bediadua,-1,8,Bediadua/DSCI0453.jpg
1219,Nyakrom 2 MTN,-1,8,Nyakrom 2 MTN/DSCI0597.jpg
1231,Nyanyano MTN,-1,8,Nyanyano MTN/DSCI0676.jpg
222,Abura Dunkwa 2,-1,8,Abura Dunkwa 2/DSCI0769.jpg
1594,Winneba GT Vodafone,-1,8,Winneba GT Vodafone/DSCI1241.jpg
1002,KPANDO TIGO,-1,8,KPANDO TIGO/DSCN0025.jpg
642,CHINDIRI(VODAFONE),-1,8,CHINDIRI(VODAFONE)/DSCN0146.JPG
1193,NKWANTA MTN,-1,8,NKWANTA MTN/DSCN0340.jpg
1153,NEW NYOMA,-1,8,NEW NYOMA/DSCN0507.jpg
879,JASIKAN,-1,8,JASIKAN/DSCN0669.jpg
761,DZODZE(MTN),-1,8,DZODZE(MTN)/DSCN1906.JPG
1628,ZIOPE VOD,-1,8,ZIOPE VOD/DSCN2209.jpg
291,AFLAO(TIGO),-1,8,AFLAO(TIGO)/DSCN2337.JPG
2083,Awoshie A-Lang Tigo,-1,8,Awoshie A-Lang Tigo/DSCN2684.jpg
2082,Awoshie A-Lang,-1,8,Awoshie A-Lang/DSCN2684.jpg
930,KETA 1,-1,8,KETA 1/DSCN2728.jpg
2247,KWASHIEMAN MTN,-1,8,KWASHIEMAN MTN/DSCN2826.jpg
2411,Pentecost Junction,-1,8,Pentecost Junction/DSCN2876.jpg
2456,South Ablekuma,-1,8,South Ablekuma/DSCN2904.jpg
2456,south ablekuma,-1,8,south ablekuma/DSCN2905.jpg
2456,south ablekuma,-1,8,south ablekuma/DSCN2905.jpg
1182,NKONYA MTN,-1,8,NKONYA MTN/DSCN3004.jpg
859,HO NUWE,-1,8,HO NUWE/DSCN3192.jpg
840,HO 3 MTN,-1,8,HO 3 MTN/DSCN3217.jpg
1773,ASHTOWN AHEABOANO,-1,8,ASHTOWN AHEABOANO/DSCN3241.jpg
848,HO BANKOE AIRTEL,-1,8,HO BANKOE AIRTEL/DSCN3293.jpg
1235,NYIVE MTN,-1,8,NYIVE MTN/DSCN3429.jpg
585,BEREKUM EXPRESSO,-1,8,BEREKUM EXPRESSO/DSCN6261.JPG
580,BEREKUM,-1,8,BEREKUM/DSCN6588.JPG
2249,9 LA,-1,8,9 LA/IMG_0819.JPG
2260,10 LABONE,-1,8,10 LABONE/IMG_0916.JPG
2534,West Cantonments(old37),-1,8,West Cantonments(old37)/IMG_0965.jpg
1312,PRESTEA GT,-1,8,PRESTEA GT/null_ct0007_se0053_1350987924070.jpg
1382,SSNIT AIRTEL,-1,8,SSNIT AIRTEL/PB110212.jpg
921,KATARIGA TIGO,-1,8,KATARIGA TIGO/PB120386.jpg
40,1629DIARA_KADIA,-1,8,1629DIARA_KADIA/PB140756.jpg
708,DIARI VODAFONE,-1,8,DIARI VODAFONE/PB140762.jpg
1295,PIGU MTN,-1,8,PIGU MTN/PB140784.jpg
1294,PIGU AIRTEL,-1,8,PIGU AIRTEL/PB140815.jpg
1085,LOAGARI(TAMALE-B-ROAD 04),-1,8,LOAGARI(TAMALE-B-ROAD 04)/PB140862.jpg
57,1653 WULUGU MTN,-1,8,1653 WULUGU MTN/PB140920.jpg
916,KARAMENGA_GT VODAFONE,-1,8,KARAMENGA_GT VODAFONE/PB140967.jpg
9,0620WALEWALE,-1,8,0620WALEWALE/PB151049.jpg
20,0723KUMBUGU,-1,8,0723KUMBUGU/PB151180.jpg
31,0937NYAMKPALA,-1,8,0937NYAMKPALA/PB161227.jpg
37,1616SANKPALA,-1,8,1616SANKPALA/PB161349.jpg
52,1646 YAPEI Mtn,-1,8,1646 YAPEI Mtn/PB161405.jpg
797,FUFULSU_GT VODAFONE,-1,8,FUFULSU_GT VODAFONE/PB161433.jpg
44,1638FULFULSU,-1,8,1638FULFULSU/PB161459.jpg
12,0669DOMEABRA,-1,8,0669DOMEABRA/PB181474.jpg
719,DOMEABRA VODAFONE,-1,8,DOMEABRA VODAFONE/PB181497.jpg
720,DOMEABRA_TAMALE-ROAD 03 EXPRESSO,-1,8,DOMEABRA_TAMALE-ROAD 03 EXPRESSO/PB181509.jpg
628,BUIPE VODAFONE,-1,8,BUIPE VODAFONE/PB181574.jpg
46,1640MPEASIM,-1,8,1640MPEASIM/PB191641.jpg
21,0725DAMANGO,-1,8,0725DAMANGO/PB191679.jpg
1074,LARABANGA GT_VODAFONE,-1,8,LARABANGA GT_VODAFONE/PB191733.jpg
47,1641GRUPE,-1,8,1641GRUPE/PB201808.jpg
43,1635SAWLA,-1,8,1635SAWLA/PB201893.jpg
53,1647 GONDO_TUNA Mtn,-1,8,1647 GONDO_TUNA Mtn/PB201948.jpg
48,1642BAMBOI,-1,8,1642BAMBOI/PB212064.jpg
624,BUI_CITY VODAFONE,-1,8,BUI_CITY VODAFONE/PB212117.jpg
50,1644 TINGA_JK Mtn,-1,8,1644 TINGA_JK Mtn/PB212171.jpg
83,2601 GURUGU MTN,-1,8,2601 GURUGU MTN/PC010007.jpg
145,2937 NYOHINI MTN,-1,8,2937 NYOHINI MTN/PC020188.jpg
170,3645 KAKPAYILI_2 MTN,-1,8,3645 KAKPAYILI_2 MTN/PC020336.jpg
32,0939TAMALE_6,-1,8,0939TAMALE_6/PC020345.jpg
6866,0279GHA_AIRWAYS,-1,8,0279GHA_AIRWAYS/SAM_1065.jpg
2190,GHANA AIRWAYS,-1,8,GHANA AIRWAYS/SAM_1078.JPG
6781,0120SUNRISE,-1,8,0120SUNRISE/SAM_1158.jpg
2218,KANDA AIRTEL,-1,8,KANDA AIRTEL/SAM_1191.JPG
2427,RINGWAY,-1,8,RINGWAY/SAM_1263.jpg
2096,BUBUASHIE TIGO,-1,8,BUBUASHIE TIGO/SAM_1993.jpg
2523,TUDU,-1,8,TUDU/SAM_2186.jpg
2523,TUDU,-1,8,TUDU/SAM_2240.jpg
2402,PALLADIUM,-1,8,PALLADIUM/SAM_2329.jpg
6793,0221PALLADIUM,-1,8,0221PALLADIUM/SAM_2341.jpg
2402,PALLADIUM,-1,8,PALLADIUM/SAM_2341.jpg
979,Koforidua Highcourt,-1,8,Koforidua Highcourt/SDC10100.jpg
961,KOFORIDU RS.GT,-1,8,KOFORIDU RS.GT/SDC10174.jpg
1392,SUHUM GT,-1,8,SUHUM GT/SDC10358.jpg
1174,NKAWKAW GT,-1,8,NKAWKAW GT/SDC10708.jpg
11,0638 NKAWKAW MTN,-1,8,0638 NKAWKAW MTN/SDC10832.jpg
1118,MPRAESO_EX,-1,8,MPRAESO_EX/SDC11024.jpg
73,1874 NANKESE MTN,-1,8,1874 NANKESE MTN/SDC11029.jpg
1116,MPRAESO GT,-1,8,MPRAESO GT/SDC11345.jpg
1272,Osenase,-1,8,Osenase/SDC11624.jpg
1249,Oda Airtel,1,9,Oda Airtel/20.jpg
2220,1154 KANESHIE,1,9,1154 KANESHIE/2012060067.jpg
4828,1135MATAHEKO,1,9,1135MATAHEKO/2012060116.jpg
1210,NSAWAM-7,1,9,NSAWAM-7/100_3265.jpg
1198,NSAWAM,1,9,NSAWAM/100_3574.jpg
1277,OSINO GT,1,9,OSINO GT/100_4234.jpg
909,KADE-3,1,9,KADE-3/100_5034.jpg
1209,NSAWAM-4,1,9,NSAWAM-4/100_8172.jpg
122,2796 NEW TAFO,1,9,2796 NEW TAFO/100_9781.jpg
1775,ASOKUSA POLICE ST,1,9,ASOKUSA POLICE ST/20121012_080735.jpg
1791,ATWIDIE,1,9,ATWIDIE/20121013_170711.jpg
1792,ATWIMA KAUA,1,9,ATWIMA KAUA/20121015_094725.jpg
2136,DARKUMAN,1,9,DARKUMAN/2012-11-10-220.jpg
2154,Dome Asafo Adjei,1,9,Dome Asafo Adjei/2012-11-12-507.jpg
1631,0FFINSO,1,9,0FFINSO/Audit Trip 149.jpg
1639,ABOABO 3,1,9,ABOABO 3/cs0281_ct0003_se0056_1350634279871.jpg
1672,Afful Nkwanta,1,9,Afful Nkwanta/cs0328_ct0003_se0056_1350308520919.jpg
614,BOSOMOISO GBC,1,9,BOSOMOISO GBC/cs0574_null_null_1352292874437.jpg
1343,SEKONDI 1,1,9,SEKONDI 1/cs0575_null_null_1351948814145.jpg
1136,NARKWA MTN,1,9,NARKWA MTN/cs0636_ct0003_se0056_DSC02724.jpg
474,ASAWINSO MTN,1,9,ASAWINSO MTN/cs0695_null_null_1351501723600.jpg
1645,0628ABOFOR,1,9,0628ABOFOR/cs0785_ct0011_se0038_1351332959987.jpg
1669,Adum Central,1,9,Adum Central/cs0788_ct0004_se0016_1351350494085.jpg
1648,ABREPO,1,9,ABREPO/cs0789_ct0003_se0056_1350731104832.jpg
1638,ABOABO 2,1,9,ABOABO 2/cs1023_ct0008_se0022_1352031908422.jpg
2557,1622KONGO,1,9,1622KONGO/cs1025_ct0003_se0056_2129.jpg
1688,Agric Nzema,1,9,Agric Nzema/cs1066_ct0011_se0038_1351867957402.jpg
779,ESSAM DBISO MTN,1,9,ESSAM DBISO MTN/cs1171_null_null_1351766580799.jpg
993,KOJOKROM MTN,1,9,KOJOKROM MTN/cs1172_null_null_1352015573723.jpg
1655,ADANSI_BROFOYEDRU,1,9,ADANSI_BROFOYEDRU/cs1382_ct0003_se0047_1352220099670.jpg
1660,Adiembra Fakyembra ,1,9,Adiembra Fakyembra /cs1390_ct0003_se0064_1350634317350.jpg
1320,SAMREBOI_GT,1,9,SAMREBOI_GT/cs1488_null_null_1351337533359.jpg
102,2726TARKWA_5,1,9,2726TARKWA_5/cs1491_null_null_1351701032994.jpg
108,2735ESSEM_SIKMA,1,9,2735ESSEM_SIKMA/cs1504_null_null_1351965237810.jpg
688,DCS_SEKONDI_GT,1,9,DCS_SEKONDI_GT/cs1505_null_null_1351506858956.jpg
992,KOJOKROM II,1,9,KOJOKROM II/cs1509_null_null_1350994648386.jpg
1073,LAGOS_TOWN,1,9,LAGOS_TOWN/cs1509_null_null_1350995464100.jpg
1427,TAKORADI MAMIBIA,1,9,TAKORADI MAMIBIA/cs1511_null_null_1351587345828.jpg
1342,SEKONDI,1,9,SEKONDI/cs1512_null_null_1351583632869.jpg
115,2748BUAKO,1,9,2748BUAKO/cs1513_ct0011_se0010_1350480396021.jpg
777,ESIKADO,1,9,ESIKADO/cs1514_null_null_1351494249886.jpg
180,3882WEST_FIJAI,1,9,3882WEST_FIJAI/cs1591_null_null_1351061710275.jpg
1299,PIPEANO 1800,1,9,PIPEANO 1800/cs1593_null_null_1350981908782.jpg
118,2757NSAWORA,1,9,2757NSAWORA/cs1598_null_null_1351685850048.jpg
1614,YADABRAA,1,9,YADABRAA/cs1599_null_null_1351520080797.jpg
1573,WASSA AKROPONG,1,9,WASSA AKROPONG/cs1602_null_null_1350990038725.jpg
1562,WAGP_PROJECT_SITE,1,9,WAGP_PROJECT_SITE/cs1605_null_null_1351581392565.jpg
1509,TETEKU BOKAZU,1,9,TETEKU BOKAZU/cs1611_null_null_1351514642830.jpg
1481,TDI AIRPORT RIDGEZ,1,9,TDI AIRPORT RIDGEZ/cs1612_null_null_1351495808825.jpg
1477,TANOKROM WEST TIGO,1,9,TANOKROM WEST TIGO/cs1615_null_null_1351058532911.jpg
1476,TANOKROM WEST AIRTEL,1,9,TANOKROM WEST AIRTEL/cs1619_null_null_1351257947349.jpg
126,2846SANYAANO,1,9,2846SANYAANO/cs1621_ct0001_se0012_1350391848054.jpg
1475,TANOKROM EAST TIGO,1,9,TANOKROM EAST TIGO/cs1622_null_null_1351524194271.jpg
1474,TANOKROM EAST AIRTEL ,1,9,TANOKROM EAST AIRTEL /cs1625_null_null_1351608618561.jpg
1395,SUHUM-NT,1,9,SUHUM-NT/cs1930_ct0011_se0018_SDC10333.jpg
1435,TAKORADI_EX_GT,1,9,TAKORADI_EX_GT/cs1944_null_null_1351075144694.jpg
1420,TAKORADI (OLD162),1,9,TAKORADI (OLD162)/cs1945_null_null_1351073263961.jpg
1434,TAKORADI SIC VODAFONE,1,9,TAKORADI SIC VODAFONE/cs1948_null_null_1351498589714.jpg
1432,TAKORADI SHOP,1,9,TAKORADI SHOP/cs1985_null_null_1351577316347.jpg
1429,TAKORADI NEW SITE ,1,9,TAKORADI NEW SITE /cs2265_null_null_1351093812844.jpg
1428,TAKORADI MPINTSIN,1,9,TAKORADI MPINTSIN/cs2284_null_null_1351339879697.jpg
1426,TAKORADI KOJOKROM,1,9,TAKORADI KOJOKROM/cs2285_null_null_1351341082998.jpg
1868,FUMESUA,1,9,FUMESUA/cs2286_ct0011_se0038_1350831152168.jpg
1873,FUMESUA 4,1,9,FUMESUA 4/cs2357_ct0004_se0016_1350726852099.jpg
1424,TAKORADI AIRPORT RIDGE,1,9,TAKORADI AIRPORT RIDGE/cs2394_null_null_1351164433497.jpg
1409,SUPOMU DUNKWA AIRTEL,1,9,SUPOMU DUNKWA AIRTEL/cs2396_null_null_1351696228151.jpg
1378,SOPUMU DUNKWA TIGO,1,9,SOPUMU DUNKWA TIGO/cs2592_null_null_1351407704127.jpg
1362,SKY TV,1,9,SKY TV/cs2592_null_null_1351408196135.jpg
1355,SHAMA JUNCTION 1800,1,9,SHAMA JUNCTION 1800/cs2629_null_null_1351090479950.jpg
1357,SHAMA TIGO,1,9,SHAMA TIGO/cs2732_null_null_1351260828038.jpg
1358,SHAMA_TIGO,1,9,SHAMA_TIGO/cs2789_null_null_1351429481982.jpg
1349,SEKONDI_GT,1,9,SEKONDI_GT/cs2791_null_null_1351417052532.jpg
1347,SEKONDI ESIKADO,1,9,SEKONDI ESIKADO/cs2874_null_null_1351579404424.jpg
1341,SEFWI_WIAWSO VODAFONE,1,9,SEFWI_WIAWSO VODAFONE/cs2899_null_null_1351067408569.jpg
1336,SEFWI BOODI,1,9,SEFWI BOODI/cs2901_null_null_1350986346335.jpg
1906,KAASE 2,1,9,KAASE 2/cs2948_ct0006_se0026_1352198976057.jpg
1335,SEFWI BOAKO,1,9,SEFWI BOAKO/cs3039_null_null_1351412955095.jpg
1333,SEFWI ASAWINSO AIRTEL,1,9,SEFWI ASAWINSO AIRTEL/cs3060_null_null_1351699902053.jpg
904,KADE,1,9,KADE/cs3915_ct0003_se0056_1004932.jpg
468,ASANKRAGWA  VOD,1,9,ASANKRAGWA  VOD/cs4000_null_null_1351601506637.jpg
1661,Adomanu,1,9,Adomanu/cs4377_ct0003_se0064_1351163206079.jpg
637,Cape Three Points,1,9,Cape Three Points/cs4640_null_null_1352018534475.jpg
1924,KNUST,1,9,KNUST/cs4703_ct0003_se0056_1350729071891.jpg
1925,KNUST 2,1,9,KNUST 2/cs4858_ct0003_se0056_1350119440426.jpg
1926,KNUST AYGYA,1,9,KNUST AYGYA/cs4980_ct0001_se0012_1350285686149.jpg
1931,KOKOBEN,1,9,KOKOBEN/cs5059_ct0003_se0056_1350116492206.jpg
994,KOJOKROM TIGO,1,9,KOJOKROM TIGO/cs5178_ct0011_se0010_1351267246379.jpg
995,KOJOKROM VODAFONE,1,9,KOJOKROM VODAFONE/cs5183_ct0011_se0018_1351157403979.jpg
1069,KWESIMINTIM TIGO,1,9,KWESIMINTIM TIGO/cs5186_ct0011_se0010_1351173667294.jpg
1068,KWESIMINTIM,1,9,KWESIMINTIM/cs5187_ct0011_se0018_1351153213602.jpg
1100,MANSO AMENFI TIGO,1,9,MANSO AMENFI TIGO/cs5189_ct0011_se0010_1351169917188.jpg
1101,MANSO_AMENFI VODAFONE,1,9,MANSO_AMENFI VODAFONE/cs5190_ct0011_se0010_1351271691054.jpg
1154,NEW SITE,1,9,NEW SITE/cs5226_null_null_1352042615879.jpg
1217,NTWAABAN,1,9,NTWAABAN/cs5231_ct0011_se0018_1351261125856.jpg
1217,NTWAABAN,1,9,NTWAABAN/cs5232_ct0011_se0038_1351259779303.jpg
1270,OPPONG VALLEY,1,9,OPPONG VALLEY/cs5256_null_null_1352122572565.jpg
1284,PALMLAND,1,9,PALMLAND/cs5453_null_null_1351521527419.jpg
1319,SAMREBOE,1,9,SAMREBOE/cs5496_null_null_1352126303775.jpg
1334,SEFWI ASAWINSO TIGO,1,9,SEFWI ASAWINSO TIGO/cs5530_null_null_1351152982036.jpg
971,Koforidua 4,1,9,Koforidua 4/DSC02104.jpg
1093,MANKESSIM MTN,1,9,MANKESSIM MTN/DSC02801.jpg
1092,MANKESSIM AIRTEL,1,9,MANKESSIM AIRTEL/DSC02895.jpg
1618,YAMORANSA MTN,1,9,YAMORANSA MTN/DSC03479.jpg
1109,MOREE 2 MTN,1,9,MOREE 2 MTN/DSC03585.jpg
1123,mumford,1,9,mumford/DSC05235.jpg
5046,Brofoyedru,1,9,Brofoyedru/DSC05529.jpg
1094,Mankessim old 144,1,9,Mankessim old 144/DSC05634.jpg
3631,0246WEST_LEGON,1,9,0246WEST_LEGON/DSCF5171.jpg
1553,VAKPO MTN,1,9,VAKPO MTN/DSCN0157.jpg
996,KOKOA,1,9,KOKOA/DSCN0268.JPG
566,BECHEM,1,9,BECHEM/DSCN0332.JPG
1326,SANTROKOFI,1,9,SANTROKOFI/DSCN0628.jpg
1003,KPANDO VOD,1,9,KPANDO VOD/DSCN1352.jpg
1381,SROE MTN,1,9,SROE MTN/DSCN2014.jpg
2083,Awoshie A-Lang Tigo,1,9,Awoshie A-Lang Tigo/DSCN2681.jpg
4189,0222ABLEKUMA_2,1,9,0222ABLEKUMA_2/DSCN2868.jpg
2411,Pentecost Junction,1,9,Pentecost Junction/DSCN2883.jpg
2456,South Ablekuma,1,9,South Ablekuma/DSCN2906.jpg
2361,ODOMAN AIRTEL,1,9,ODOMAN AIRTEL/DSCN2983.jpg
849,HO CK ROAD,1,9,HO CK ROAD/DSCN3237.jpg
848,HO BANKOE AIRTEL,1,9,HO BANKOE AIRTEL/DSCN3286.jpg
844,HO 6 MTN,1,9,HO 6 MTN/DSCN3324.jpg
585,BEREKUM EXPRESSO,1,9,BEREKUM EXPRESSO/DSCN6271.JPG
2534,West Cantonments(old37),1,9,West Cantonments(old37)/IMG_0873.jpg
921,KATARIGA TIGO,1,9,KATARIGA TIGO/PB120390.jpg
1329,SAVELUGU VODAFONE,1,9,SAVELUGU VODAFONE/PB130648.jpg
54,1648 PONG_TAMALE MTN,1,9,1648 PONG_TAMALE MTN/PB140702.jpg
1295,PIGU MTN,1,9,PIGU MTN/PB140792.jpg
1294,PIGU AIRTEL,1,9,PIGU AIRTEL/PB140814.jpg
57,1653 WULUGU MTN,1,9,1653 WULUGU MTN/PB140925.jpg
683,DCS_GUABULIGA VODAFONE,1,9,DCS_GUABULIGA VODAFONE/PB141034.jpg
81,1999 WUNGU MTN,1,9,1999 WUNGU MTN/PB151065.jpg
85,2604 DULUN MTN,1,9,2604 DULUN MTN/PB151165.jpg
147,2943 BELUNG MTN,1,9,2943 BELUNG MTN/PB151208.jpg
31,0937NYAMKPALA,1,9,0937NYAMKPALA/PB161234.jpg
14,0678TOLON,1,9,0678TOLON/PB161310.jpg
140,2930 TALI MTN,1,9,2930 TALI MTN/PB161321.jpg
37,1616SANKPALA,1,9,1616SANKPALA/PB161353.jpg
1040,KUSAWGU(TAMALE-K-ROAD 01) EXPRESSO,1,9,KUSAWGU(TAMALE-K-ROAD 01) EXPRESSO/PB161366.jpg
52,1646 YAPEI Mtn,1,9,1646 YAPEI Mtn/PB161405.jpg
22,0727BUIPE,1,9,0727BUIPE/PB181527.jpg
627,BUIPE TIGO,1,9,BUIPE TIGO/PB181538.jpg
628,BUIPE VODAFONE,1,9,BUIPE VODAFONE/PB181559.jpg
662,DAMANGO TIGO,1,9,DAMANGO TIGO/PB191663.jpg
1074,LARABANGA GT_VODAFONE,1,9,LARABANGA GT_VODAFONE/PB191741.jpg
142,2934 MORLE_PARK MTN,1,9,2934 MORLE_PARK MTN/PB191764.jpg
47,1641GRUPE,1,9,1641GRUPE/PB201809.jpg
1331,SAWLA TIGO,1,9,SAWLA TIGO/PB201876.jpg
890,JINDABOUR VODAFONE,1,9,JINDABOUR VODAFONE/PB201973.jpg
601,BOLE TIGO,1,9,BOLE TIGO/PB202044.jpg
48,1642BAMBOI,1,9,1642BAMBOI/PB212067.jpg
5,0601TAMALE_1,1,9,0601TAMALE_1/PC010138.jpg
169,3644 BAIMWAYA MTN,1,9,3644 BAIMWAYA MTN/PC020238.jpg
687,DCS_LAMACHIEGU_NORTH VODAFONE,1,9,DCS_LAMACHIEGU_NORTH VODAFONE/PC020254.jpg
137,2921 KALIPOHIN MTN,1,9,2921 KALIPOHIN MTN/PC020380.jpg
167,3641 TAM_WARD_K MTN,1,9,3641 TAM_WARD_K MTN/PC020397.jpg
2340,NORTH RIDGE TIGO,1,9,NORTH RIDGE TIGO/SAM_1293.jpg
1392,SUHUM GT,1,9,SUHUM GT/SDC10368.jpg
1391,SUHUM AYEKOTSE,1,9,SUHUM AYEKOTSE/SDC10405.jpg
1150,NEW JEJETI,1,9,NEW JEJETI/SDC10452.jpg
1118,MPRAESO_EX,1,9,MPRAESO_EX/SDC11015.jpg
73,1874 NANKESE MTN,1,9,1874 NANKESE MTN/SDC11024.jpg
1122,MPRESO TX,1,9,MPRESO TX/SDC11264.jpg
777,ESIKADO,-1,10,ESIKADO/cs1514_null_null_1351493660093.jpg
1095,MANKESSIM VODAFONE,-1,10,MANKESSIM VODAFONE/DSC02937.jpg
1094,Mankessim old 144,-1,10,Mankessim old 144/DSC05625.jpg
410,AMEDZOPE(VODAFONE&TIGO),-1,10,AMEDZOPE(VODAFONE&TIGO)/DSCN2050.JPG
32,0939TAMALE_6,-1,10,0939TAMALE_6/PC020351.jpg
1392,SUHUM GT,-1,10,SUHUM GT/SDC10358.jpg
192,ABATIFI,-1,10,ABATIFI/SDC11263.jpg
777,ESIKADO,-1,11,ESIKADO/cs1514_null_null_1351494249886.jpg
1094,Mankessim old 144,-1,11,Mankessim old 144/DSC05612.jpg
410,AMEDZOPE(VODAFONE&TIGO),-1,11,AMEDZOPE(VODAFONE&TIGO)/DSCN2050.JPG
921,KATARIGA TIGO,-1,11,KATARIGA TIGO/PB120385.jpg
56,1652 NANTON MTN,-1,11,1652 NANTON MTN/PB130570.jpg
79,1995 JANGA MTN,-1,11,1995 JANGA MTN/PB151142.jpg
83,2601 GURUGU MTN,-1,11,2601 GURUGU MTN/PC010004.jpg
1392,SUHUM GT,-1,11,SUHUM GT/SDC10358.jpg
192,ABATIFI,-1,11,ABATIFI/SDC11262.jpg
830,Harbour Ghana Post,-1,12,Harbour Ghana Post/100_4226.jpg
1154,NEW SITE,-1,12,NEW SITE/100_4305.jpg
2531,WEIJA CELL,-1,12,WEIJA CELL/100_9457.jpg
1162,Nkakaw ,-1,12,Nkakaw /100_9602.jpg
1160,NEW TAFO GT,-1,12,NEW TAFO GT/100_9628.jpg
943,KIBI GT,-1,12,KIBI GT/100_9707.jpg
1325,SANKPALA,-1,12,SANKPALA/101_0116.jpg
942,KIBI (OLD 104),-1,12,KIBI (OLD 104)/2012-11-12-479.jpg
840,HO 3 MTN,-1,12,HO 3 MTN/2012-11-13-547.jpg
115,2748BUAKO,-1,12,2748BUAKO/2012-11-13-612.jpg
2651,KULUGUNGU,-1,12,KULUGUNGU/Audit Trip 2108.jpg
1639,ABOABO 3,-1,12,ABOABO 3/cs0221_ct0001_se0023_1350662404130.jpg
56,1652 NANTON MTN,-1,12,1652 NANTON MTN/cs0509_ct0001_se0012_1350555370739.jpg
4000,1132FADAMA_2,-1,12,1132FADAMA_2/cs1157_null_null_1352287053339.jpg
6855,0140TRADE_FAIR,-1,12,0140TRADE_FAIR/cs1488_null_null_1351337550006.jpg
446,APREMDO_OT,-1,12,APREMDO_OT/cs1502_null_null_1351589668537.jpg
681,DCS_DARKOKROM,-1,12,DCS_DARKOKROM/cs1503_null_null_1351602599035.jpg
1775,ASOKUSA POLICE ST,-1,12,ASOKUSA POLICE ST/cs1505_null_null_1351506758294.jpg
1355,SHAMA JUNCTION 1800,-1,12,SHAMA JUNCTION 1800/cs1509_null_null_1350994558712.jpg
1101,MANSO_AMENFI VODAFONE,-1,12,MANSO_AMENFI VODAFONE/cs1509_null_null_1350994804424.jpg
896,JISUNAYILI VODAFONE,-1,12,JISUNAYILI VODAFONE/cs1511_null_null_1351586888897.jpg
1669,Adum Central,-1,12,Adum Central/cs1512_null_null_1351583764112.jpg
1643,ABOASO,-1,12,ABOASO/cs1514_null_null_1351493660093.jpg
982,KOFORIDUA NT,-1,12,KOFORIDUA NT/cs1591_null_null_1351061935395.jpg
6838,0544ASHAIMA_RBT,-1,12,0544ASHAIMA_RBT/cs1592_null_null_1351059590364.jpg
1422,TAKORADI 2,-1,12,TAKORADI 2/cs1593_null_null_1350981048952.jpg
1356,SHAMA MTN,-1,12,SHAMA MTN/cs1599_null_null_1351519975123.jpg
3995,0208GWSC,-1,12,0208GWSC/cs1602_null_null_1350989296927.jpg
1159,NEW TAFO ER,-1,12,NEW TAFO ER/cs1605_null_null_1351581457061.jpg
95,2642 TAMALE_9 MTN,-1,12,2642 TAMALE_9 MTN/cs1611_null_null_1351514756147.jpg
3722,0180ODORGONO,-1,12,0180ODORGONO/cs1612_null_null_1351496025189.jpg
2775,0248DOME,-1,12,0248DOME/cs1622_null_null_1351524271016.jpg
1046,KWAE,-1,12,KWAE/cs1625_null_null_1351608240224.jpg
1475,TANOKROM EAST TIGO,-1,12,TANOKROM EAST TIGO/cs1741_ct0001_se0036_1350717251657.jpg
898,JUABOSO MTN,-1,12,JUABOSO MTN/cs1944_null_null_1351075120211.jpg
472,ASASETRE MTN,-1,12,ASASETRE MTN/cs1945_null_null_1351073296958.jpg
1320,SAMREBOI_GT,-1,12,SAMREBOI_GT/cs1948_null_null_1351499061177.jpg
180,3882WEST_FIJAI,-1,12,3882WEST_FIJAI/cs1952_null_null_1351588071007.jpg
412,AMOYA,-1,12,AMOYA/cs1957_null_null_1351953281015.jpg
991,KOJOKROM 2 MTN,-1,12,KOJOKROM 2 MTN/cs1971_null_null_1351266505635.jpg
1335,SEFWI BOAKO,-1,12,SEFWI BOAKO/cs2156_null_null_1351423609940.jpg
180,3882WEST_FIJAI,-1,12,3882WEST_FIJAI/cs2265_null_null_1351093842920.jpg
1340,SEFWI_WIAWSO TIGO,-1,12,SEFWI_WIAWSO TIGO/cs2284_null_null_1351339950049.jpg
124,2839EKUAS_PRSON,-1,12,2839EKUAS_PRSON/cs2285_null_null_1351341511227.jpg
1336,SEFWI BOODI,-1,12,SEFWI BOODI/cs2341_null_null_1351410266589.jpg
1070,KWESIMINTIM_NORTH,-1,12,KWESIMINTIM_NORTH/cs2394_null_null_1351164462117.jpg
107,2733SEFI_DWNASE,-1,12,2733SEFI_DWNASE/cs2592_null_null_1351408012045.jpg
1645,0628ABOFOR,-1,12,0628ABOFOR/cs2629_null_null_1351090565781.jpg
258,ADIEMBRA,-1,12,ADIEMBRA/cs2731_null_null_1351258895436.jpg
1217,NTWAABAN,-1,12,NTWAABAN/cs2732_null_null_1351260756616.jpg
1069,KWESIMINTIM TIGO,-1,12,KWESIMINTIM TIGO/cs2789_null_null_1351429356146.jpg
108,2735ESSEM_SIKMA,-1,12,2735ESSEM_SIKMA/cs2791_null_null_1351416435033.jpg
1573,WASSA AKROPONG,-1,12,WASSA AKROPONG/cs2874_null_null_1351579235759.jpg
688,DCS_SEKONDI_GT,-1,12,DCS_SEKONDI_GT/cs2878_null_null_1351347568775.jpg
4190,0215AGNESS_DAY,-1,12,0215AGNESS_DAY/cs2883_null_null_1351241450964.jpg
41,1630KAKPAYILI,-1,12,1630KAKPAYILI/cs2897_null_null_1351066672841.jpg
1359,SIBI HILL MTN,-1,12,SIBI HILL MTN/cs2899_null_null_1351067273530.jpg
1481,TDI AIRPORT RIDGEZ,-1,12,TDI AIRPORT RIDGEZ/cs2900_null_null_1351064923993.jpg
1477,TANOKROM WEST TIGO,-1,12,TANOKROM WEST TIGO/cs2901_null_null_1350986346335.jpg
2477,TABORA,-1,12,TABORA/cs2933_null_null_1351951342203.jpg
823,HAMDALA AIRTEL,-1,12,HAMDALA AIRTEL/cs2974_ct0004_se0008_1350557070220.jpg
1100,MANSO AMENFI TIGO,-1,12,MANSO AMENFI TIGO/cs3039_null_null_1351412915006.jpg
607,BONSU_ADAMASI,-1,12,BONSU_ADAMASI/cs4384_null_null_1351330127149.jpg
681,DCS_DARKOKROM,-1,12,DCS_DARKOKROM/cs4905_null_null_1352300320634.jpg
780,Essiama,-1,12,Essiama/cs4906_ct0001_se0012_1350208912686.jpg
1296,PIGU(TAMALE-B-ROAD 03) EXPRESSO,-1,12,PIGU(TAMALE-B-ROAD 03) EXPRESSO/cs5178_ct0009_se0002_1351267195207.jpg
7,0605TAMALE2,-1,12,0605TAMALE2/cs5180_ct0001_se0023_1351269476245.jpg
803,GH0820_LANGANTIRE AIRTEL,-1,12,GH0820_LANGANTIRE AIRTEL/cs5183_ct0006_se0062_1351157693714.jpg
663,DAMANGO VODAFONE,-1,12,DAMANGO VODAFONE/cs5184_ct0001_se0012_1351096735039.jpg
1311,PRESTEA EXPRESSO,-1,12,PRESTEA EXPRESSO/cs5185_ct0001_se0012_1350978968265.jpg
127,2850SKYYTV,-1,12,2850SKYYTV/cs5187_ct0001_se0023_1351151767348.jpg
4197,1218AKWETEYMAN3,-1,12,1218AKWETEYMAN3/cs5188_ct0001_se0012_1351167333907.jpg
1434,TAKORADI SIC VODAFONE,-1,12,TAKORADI SIC VODAFONE/cs5189_ct0001_se0012_1351169422158.jpg
1435,TAKORADI_EX_GT,-1,12,TAKORADI_EX_GT/cs5191_ct0006_se0028_1351242553171.jpg
2177,Fadama,-1,12,Fadama/cs5192_ct0001_se0012_1351077263925.jpg
658,Damang 2,-1,12,Damang 2/cs5227_null_null_1352044970227.jpg
3919,0179ODORKOR_4,-1,12,0179ODORKOR_4/cs5231_ct0004_se0016_1351260838226.jpg
130,2862AHIBENSO MTN,-1,12,2862AHIBENSO MTN/cs5232_ct0001_se0023_1351259404405.jpg
1664,ADUM,-1,12,ADUM/cs5343_ct0004_se0042_1351272135694.jpg
1433,TAKORADI SIC TIGO,-1,12,TAKORADI SIC TIGO/cs5453_null_null_1351520859303.jpg
1429,TAKORADI NEW SITE ,-1,12,TAKORADI NEW SITE /cs5494_null_null_1352308670018.jpg
147,2943 BELUNG MTN,-1,12,2943 BELUNG MTN/cs5496_null_null_1352126261851.jpg
1212,NSAWORA,-1,12,NSAWORA/DSCF1131.jpg
182,3894NKATIESO,-1,12,3894NKATIESO/DSCF1131.jpg
533,ATORKOR(MTN),-1,12,ATORKOR(MTN)/DSCF1146.jpg
4191,0116OSU,-1,12,0116OSU/DSCF1146.jpg
2533,WEST ADENTA,-1,12,WEST ADENTA/DSCF1146.jpg
1253,odumase krobo,-1,12,odumase krobo/DSCF1153.jpg
1102,MARKET CIRCLE,-1,12,MARKET CIRCLE/DSCF1183.jpg
1513,TETEMA VOD,-1,12,TETEMA VOD/DSCF1212.jpg
1217,NTWAABAN,-1,12,NTWAABAN/DSCF1245.jpg
350,Akontombra,-1,12,Akontombra/DSCF1285.jpg
109,2736YAWMATWA,-1,12,2736YAWMATWA/DSCF1285.jpg
2390,OSU LOKKO,-1,12,OSU LOKKO/DSCF1285.jpg
2224,Kawukudi Junct.,-1,12,Kawukudi Junct./DSCF1385.jpg
745,DUADASO,-1,12,DUADASO/DSCF1402.jpg
1284,PALMLAND,-1,12,PALMLAND/DSCF1462.jpg
1770,ASHTOWN,-1,12,ASHTOWN/DSCF5177.jpg
2356,Obeyie airtel,-1,12,Obeyie airtel/DSCF5195.jpg
2326,NEW_NMAI_DJORN,-1,12,NEW_NMAI_DJORN/DSCF5250.jpg
1773,ASHTOWN AHEABOANO,-1,12,ASHTOWN AHEABOANO/DSCF5280.JPG
2475,Sukura,-1,12,Sukura/DSCF5336.jpg
1387,SUHUM,-1,12,SUHUM/DSCF5403.jpg
1021,KROBO ODUMASE,-1,12,KROBO ODUMASE/DSCF5403.jpg
787,Fijai Airtel,-1,12,Fijai Airtel/DSCF5471.jpg
973,Koforidua 6,-1,12,Koforidua 6/DSCF5503.jpg
2261,9 Labone,-1,12,9 Labone/DSCF5503.jpg
474,ASAWINSO MTN,-1,12,ASAWINSO MTN/DSCF5608.jpg
310,Agona Swedru 3 MTN,-1,12,Agona Swedru 3 MTN/DSCF5608.jpg
96,2643SEFWI_WIASO,-1,12,2643SEFWI_WIASO/DSCI0263.jpg
1095,MANKESSIM VODAFONE,-1,12,MANKESSIM VODAFONE/DSCI0450.jpg
1037,KURAWURA,-1,12,KURAWURA/DSCI0571.jpg
224,Abura Dunkwa Vodafone,-1,12,Abura Dunkwa Vodafone/DSCI0718.jpg
1250,ODA NKWATIA,-1,12,ODA NKWATIA/DSCI0844.jpg
2487,TEMA 1,-1,12,TEMA 1/DSCN0135.JPG
2145,MICHEL CAMP SANCO 4,-1,12,MICHEL CAMP SANCO 4/DSCN0340.jpg
2417,Pokuase Hill,-1,12,Pokuase Hill/DSCN0670.jpg
848,HO BANKOE AIRTEL,-1,12,HO BANKOE AIRTEL/DSCN0788.jpg
423,ANLOGA(TIGO&AIRTEL),-1,12,ANLOGA(TIGO&AIRTEL)/DSCN1047.JPG
1332,SEFI BODI MTN,-1,12,SEFI BODI MTN/DSCN1081.JPG
2367,Okaishie,-1,12,Okaishie/DSCN1197.jpg
1147,NEW DORMAA ,-1,12,NEW DORMAA /DSCN1325.jpg
241,ABUTIA(MTN),-1,12,ABUTIA(MTN)/DSCN1428.jpg
321,AKATSI 1(MTN),-1,12,AKATSI 1(MTN)/DSCN1477.JPG
2414,POKUASE,-1,12,POKUASE/DSCN1911.JPG
1627,ZIOPE TIGO,-1,12,ZIOPE TIGO/DSCN1948.JPG
747,DUAYAW NKWANTA,-1,12,DUAYAW NKWANTA/DSCN1993.jpg
2274,LEGON-BUSSINESS-SCH,-1,12,LEGON-BUSSINESS-SCH/DSCN2050.JPG
289,AFLAO GT(VODAFONE),-1,12,AFLAO GT(VODAFONE)/DSCN2357.JPG
1354,SHAMA AIRTEL,-1,12,SHAMA AIRTEL/DSCN2525.jpg
1368,Somanya,-1,12,Somanya/DSCN2531.JPG
1106,MIM MTN,-1,12,MIM MTN/DSCN2534.jpg
1105,MIM,-1,12,MIM/DSCN2534.jpg
852,HO DOME AIRTEL,-1,12,HO DOME AIRTEL/DSCN2552.jpg
2472,ST. ANTHONY,-1,12,ST. ANTHONY/DSCN2557.jpg
765,DZOLO(VODAFONE),-1,12,DZOLO(VODAFONE)/DSCN2659.JPG
2490,Tema Community 1,-1,12,Tema Community 1/DSCN2665.jpg
3863,1119SOU_ODORKOR,-1,12,1119SOU_ODORKOR/DSCN2675.JPG
1411,Swedro Tigo,-1,12,Swedro Tigo/DSCN2725.jpg
1347,SEKONDI ESIKADO,-1,12,SEKONDI ESIKADO/DSCN2761.jpg
2276,LOMNAVE AIRTEL,-1,12,LOMNAVE AIRTEL/DSCN2870.jpg
525,ATIAVI(VODAFONE),-1,12,ATIAVI(VODAFONE)/DSCN2870.JPG
5161,Bediadua,-1,12,Bediadua/DSCN2906.jpg
756,DZITA(VODAFONE&TIGO),-1,12,DZITA(VODAFONE&TIGO)/DSCN2907.JPG0.jpg
1219,Nyakrom 2 MTN,-1,12,Nyakrom 2 MTN/DSCN2909.jpg
1231,Nyanyano MTN,-1,12,Nyanyano MTN/DSCN2909.jpg
931,KETA 2,-1,12,KETA 2/DSCN2977.jpg
1600,WOE MTN,-1,12,WOE MTN/DSCN3037.jpg
2084,AWOSHIE_KWASHIEMAN,-1,12,AWOSHIE_KWASHIEMAN/DSCN3179.jpg
862,HO STADIUM,-1,12,HO STADIUM/DSCN3403.jpg
1181,NKONYA ASKYIRE,-1,12,NKONYA ASKYIRE/DSCN3614.jpg
1341,SEFWI_WIAWSO VODAFONE,-1,12,SEFWI_WIAWSO VODAFONE/null_ct0003_se0031_1350987626807.jpg
1319,SAMREBOE,-1,12,SAMREBOE/null_ct0006_se0062_1350987724123.jpg
2433,SAKAMAN,-1,12,SAKAMAN/null_ct0007_se0053_1350987924070.jpg
1427,TAKORADI MAMIBIA,-1,12,TAKORADI MAMIBIA/null_ct0009_se0002_1350987969018.jpg
936,KETAN,-1,12,KETAN/PB140688.jpg
3728,1144LABONE_2,-1,12,1144LABONE_2/PB140766.jpg
2288,MAKOLA IC BANK,-1,12,MAKOLA IC BANK/PB140801.jpg
1117,MPRAESO_2,-1,12,MPRAESO_2/PB140822.jpg
2115,COMM 10,-1,12,COMM 10/PB140864.jpg
688,DCS_SEKONDI_GT,-1,12,DCS_SEKONDI_GT/PB151049.jpg
258,Adiembra,-1,12,Adiembra/PB161367.jpg
35,1600GBIMSI,-1,12,1600GBIMSI/PB201859.jpg
1035,KUNKUDE TIGO,-1,12,KUNKUDE TIGO/PB212077.jpg
52,1646 YAPEI Mtn,-1,12,1646 YAPEI Mtn/PB212117.jpg
78,1994 SANERIGU MTN,-1,12,1994 SANERIGU MTN/PC010144.jpg
1330,SAWLA EXPRESSO,-1,12,SAWLA EXPRESSO/PC030599.jpg
6883,0587NUN_ADOGON,-1,12,0587NUN_ADOGON/SAM_1055.jpg
21,0725DAMANGO,-1,12,0725DAMANGO/SAM_1168.jpg
2224,Kawukudi Junct.,-1,12,Kawukudi Junct./SAM_1180.JPG
2453,SILVER STAR TOWER,-1,12,SILVER STAR TOWER/SAM_1243.jpg
279,Adwumam,-1,12,Adwumam/SAM_1260.jpg
4292,0142CANTONMENT1,-1,12,0142CANTONMENT1/SAM_1290.jpg
2414,Pokuase,-1,12,Pokuase/SAM_1337.jpg
4316,0261OSU_LEBANES,-1,12,0261OSU_LEBANES/SAM_1363.jpg
2136,DARKUMAN,-1,12,DARKUMAN/SAM_1395.jpg
4141,0117GIANT_OSU,-1,12,0117GIANT_OSU/SAM_1900.jpg
2266,Laterbiokorshie Brigade,-1,12,Laterbiokorshie Brigade/SAM_2224.jpg
2218,KANDA AIRTEL,-1,12,KANDA AIRTEL/SDC10800.jpg
2427,RINGWAY,-1,12,RINGWAY/SDC11004.jpg
601,BOLE TIGO,-1,12,BOLE TIGO/SDC11043.jpg
425,Anto Airtel,-1,12,Anto Airtel/SDC11262.jpg
6855,0140TRADE_FAIR,1,13,0140TRADE_FAIR/cs1488_null_null_1351337550006.jpg
446,APREMDO_OT,1,13,APREMDO_OT/cs1502_null_null_1351589668537.jpg
681,DCS_DARKOKROM,1,13,DCS_DARKOKROM/cs1503_null_null_1351602691539.jpg
1101,MANSO_AMENFI VODAFONE,1,13,MANSO_AMENFI VODAFONE/cs1509_null_null_1350994804424.jpg
1422,TAKORADI 2,1,13,TAKORADI 2/cs1593_null_null_1350981048952.jpg
183,3895ANAJI_NAMIB,1,13,3895ANAJI_NAMIB/DSC02795.jpg
1198,NSAWAM,1,13,NSAWAM/DSC03402.jpg
971,Koforidua 4,1,13,Koforidua 4/DSCI0025.jpg
1090,MAMFE,1,13,MAMFE/DSCI0626.jpg
6858,0163TRADE_FAIR2,1,13,0163TRADE_FAIR2/DSCN0026.jpg
798,FULFUSO TIGO,1,13,FULFUSO TIGO/PB202039.jpg
140,2930 TALI MTN,1,13,2930 TALI MTN/PC010047.jpg
719,DOMEABRA VODAFONE,1,13,DOMEABRA VODAFONE/PC020336.jpg
6866,0279GHA_AIRWAYS,1,13,0279GHA_AIRWAYS/SDC10360.jpg
1050,KWAHU FODUA,1,14,KWAHU FODUA/PB181503.jpg
1316,SAMPA,-1,15,SAMPA/2012060085.jpg
2077,AVIANCE,-1,15,AVIANCE/100_3590.jpg
2402,PALLADIUM,-1,15,PALLADIUM/100_4111.jpg
1643,ABOASO,-1,15,ABOASO/100_4306.jpg
941,KIBI            ,-1,15,KIBI/100_4624.jpg
1051,KWAHU NKWATIA,-1,15,KWAHU NKWATIA/100_4692.jpg
971,Koforidua 4,-1,15,Koforidua 4/100_9581.jpg
974,koforidua 7,-1,15,koforidua 7/100_9680.jpg
1775,ASOKUSA POLICE ST,-1,15,ASOKUSA POLICE ST/100_9711.jpg
1133,NANTON TIGO,-1,15,NANTON TIGO/2012-11-10-209.jpg
350,Akontombra,-1,15,Akontombra/2012-11-10-287.jpg
838,HO 1 MTN,-1,15,HO 1 MTN/2012-11-14-755.jpg
1576,WEGBLE,-1,15,WEGBLE/Audit Trip 2119.jpg
1647,ABOFOUR,-1,15,ABOFOUR/cs0203_ct0006_se0006_1350640513033.jpg
1687,AGRIC_COLLEGE,-1,15,AGRIC_COLLEGE/cs0258_ct0003_se0003_1350133596881.jpg
6759,0178ODORKOR_3,-1,15,0178ODORKOR_3/cs0260_ct0006_se0026_1350292306302.jpg
6799,0271MADINA_5,-1,15,0271MADINA_5/cs0262_ct0006_se0006_1350576027530.jpg
4290,0154EASTLEGON_1,-1,15,0154EASTLEGON_1/cs0276_ct0001_se0012_1350899252926.jpg
1477,TANOKROM WEST TIGO,-1,15,TANOKROM WEST TIGO/cs0286_ct0001_se0012_1350893410501.jpg
1660,Adiembra Fakyembra ,-1,15,Adiembra Fakyembra /cs0293_ct0006_se0089_1350580491366.jpg
4151,1127WEIJA_2,-1,15,1127WEIJA_2/cs0318_ct0006_se0062_1350550069881.jpg
1685,AGONA,-1,15,AGONA/cs0328_ct0001_se0012_1350307924847.jpg
114,2747OLD_DEBISO,-1,15,2747OLD_DEBISO/cs0339_ct0011_se0038_1350747812660.jpg
113,2746ADJUAFUA,-1,15,2746ADJUAFUA/cs0470_ct0001_se0012_1350123425446.jpg
787,Fijai Airtel,-1,15,Fijai Airtel/cs0578_null_null_1351596223670.jpg
2532,WEIJA_RS_GT,-1,15,WEIJA_RS_GT/cs0967_ct0006_se0006_1350655126902.jpg
185,3899PALM_LAND,-1,15,3899PALM_LAND/cs1151_ct0002_se0007_1350403603772.jpg
184,3898ESSIPONG,-1,15,3898ESSIPONG/cs1159_ct0002_se0007_1350553052245.jpg
181,3891TAKDI_INDUS,-1,15,3891TAKDI_INDUS/cs1171_null_null_1351765855330.jpg
973,Koforidua 6,-1,15,Koforidua 6/cs1172_null_null_1352015573723.jpg
1289,PENKWASE    ,-1,15,PENKWASE    /cs1203_null_null_1352128305799.jpg
150,2948 TAM_HOSP_VF MTN,-1,15,2948 TAM_HOSP_VF MTN/cs1205_null_null_1352029677007.jpg
2358,ODORGONO,-1,15,ODORGONO/cs1294_ct0006_se0006_P8250141.JPG
4190,0215AGNESS_DAY,-1,15,0215AGNESS_DAY/cs1611_null_null_1351514083445.jpg
89,2632 KPASEMPE MTN,-1,15,2632 KPASEMPE MTN/cs1623_null_null_1351416858786.jpg
1090,MAMFE,-1,15,MAMFE/cs1718_ct0006_se0006_1351770500246.jpg
1879,GYENYASI,-1,15,GYENYASI/cs1745_ct0001_se0012_1350647990549.jpg
962,KOFORIDUA,-1,15,KOFORIDUA/cs1764_ct0002_Se0007_ 1252.jpg
1296,PIGU(TAMALE-B-ROAD 03) EXPRESSO,-1,15,PIGU(TAMALE-B-ROAD 03) EXPRESSO/cs1945_null_null_1351073496719.jpg
7,0605TAMALE2,-1,15,0605TAMALE2/cs1948_null_null_1351498589714.jpg
4197,1218AKWETEYMAN3,-1,15,1218AKWETEYMAN3/cs2265_null_null_1351093740109.jpg
6755,0240BURKINA,-1,15,0240BURKINA/cs2356_ct0006_se0089_1350660334035.jpg
810,GOKA,-1,15,GOKA/cs2582_ct0001_se0012_1350311260847.jpg
2261,9 Labone,-1,15,9 Labone/cs2897_null_null_1351066537684.jpg
1657,2644ADIDWAN,-1,15,2644ADIDWAN/cs2931_ct0002_se0007_1350198943362.jpg
1614,YADABRAA,-1,15,YADABRAA/cs2948_ct0006_se0070_1352199008267.jpg
647,CHIRAA MTN,-1,15,CHIRAA MTN/cs2951_ct0006_se0006_1352202809899.jpg
2154,Dome Asafo Adjei,-1,15,Dome Asafo Adjei/cs3009_ct0006_se0006_1352370286923.jpg
681,DCS_DARKOKROM,-1,15,DCS_DARKOKROM/cs3224_ct0006_se0062_1350314018114.jpg
2454,SIRUS OIL,-1,15,SIRUS OIL/cs3333_ct0001_se0012_1350571623193.jpg
1932,KONA,-1,15,KONA/cs3478_ct0001_se0012_1350644915582.jpg
1928,KNUST PHARMACY,-1,15,KNUST PHARMACY/cs3478_ct0001_se0012_1350644915582.jpg
474,ASAWINSO MTN,-1,15,ASAWINSO MTN/cs3499_ct0002_se0007_1349975287540.jpg
310,Agona Swedru 3 MTN,-1,15,Agona Swedru 3 MTN/cs3633_ct0002_se0007_1350989441920.jpg
1424,TAKORADI AIRPORT RIDGE,-1,15,TAKORADI AIRPORT RIDGE/cs3772_ct0006_se0098_1352111919714.jpg
798,FULFUSO TIGO,-1,15,FULFUSO TIGO/cs3779_ct0003_se0020_1350229818998.jpg
792,FORIFORI,-1,15,FORIFORI/cs3801_ct0002_se0007_1351182897093.jpg
1213,Nsuaem Old39 Expresso,-1,15,Nsuaem Old39 Expresso/cs3848_ct0002_se0007_1350925082055.jpg
853,HO FOREST 1 MTN,-1,15,HO FOREST 1 MTN/cs3931_ct0002_Se0007_2163.jpg
1356,SHAMA MTN,-1,15,SHAMA MTN/cs4009_ct0003_se0003_1009456.jpg
50,1644 TINGA_JK Mtn,-1,15,1644 TINGA_JK Mtn/cs4050_ct0003_se0047_1351155534146.jpg
898,JUABOSO MTN,-1,15,JUABOSO MTN/cs4071_ct0006_se0070_2109.jpg
3139,0233ADENTA_4,-1,15,0233ADENTA_4/cs4384_null_null_1351329910015.jpg
224,Abura Dunkwa Vodafone,-1,15,Abura Dunkwa Vodafone/cs4528_ct0002_se0007_1351174910715.jpg
282,AFIADENYIGBA(AIRTEL),-1,15,AFIADENYIGBA(AIRTEL)/cs4542_ct0006_se0062_1350555276841.jpg
6792,0211LARTBIOKSHI,-1,15,0211LARTBIOKSHI/cs4893_ct0002_Se0007_985 - Copy.jpg
2417,Pokuase Hill,-1,15,Pokuase Hill/cs4902_ct0002_se0007_1350211573481.jpg
1650,ABUAKWA (KSI),-1,15,ABUAKWA (KSI)/cs4909_ct0006_se0026_1352375354848.jpg
106,2731NEW_TAKRADI AIRTEL,-1,15,2731NEW_TAKRADI AIRTEL/cs4983_ct0001_se0012_1350743827049.jpg
13,0671KUSAWGU,-1,15,0671KUSAWGU/cs4985_ct0001_se0091_1350296206615.jpg
2466,SOWUTUOM PENT.UNIVERSITY,-1,15,SOWUTUOM PENT.UNIVERSITY/cs5059_ct0006_se0028_1350116680313.jpg
897,JUABOSO,-1,15,JUABOSO/cs5256_null_null_1352122676522.jpg
2306,MICHEL_CAMP_SANCO_4,-1,15,MICHEL_CAMP_SANCO_4/cs5341_ct0006_se0026_1351270730728.jpg
6770,0254NORTH_KANE2,-1,15,0254NORTH_KANE2/cs5410_ct0003_se0031_1352019778860.jpg
1920,KENYASI,-1,15,KENYASI/cs5472_ct0006_se0089_1351667184559.jpg
1313,PRESTEA VODAFONE,-1,15,PRESTEA VODAFONE/DSC00087.jpg
159,3021 SOMANYA VODAFONE,-1,15,3021 SOMANYA VODAFONE/DSC00647.jpg
1631,0FFINSO,-1,15,0FFINSO/DSC00830.jpg
3775,Achimota Golf Course,-1,15,Achimota Golf Course/DSC01905.jpg
990,KOJOKROM,-1,15,KOJOKROM/DSC02082.jpg
1293,PETUDUASI,-1,15,PETUDUASI/DSC02134.jpg
989,KOJOABA,-1,15,KOJOABA/DSC02134.jpg
981,KOFORIDUA NORTH,-1,15,KOFORIDUA NORTH/DSC02198.jpg
2557,1622KONGO,-1,15,1622KONGO/DSC02211.jpg
1242,OBO KWAHU,-1,15,OBO KWAHU/DSC02226.jpg
689,DCS_TAKORADI_AIRPORT,-1,15,DCS_TAKORADI_AIRPORT/DSC02330.jpg
2387,OSU (2),-1,15,OSU (2)/DSC02712.jpg
2346,Nungua Brigade,-1,15,Nungua Brigade/DSC02943.jpg
794,FRANKADUA,-1,15,FRANKADUA/DSC03434.jpg
764,DZOLO(MTN),-1,15,DZOLO(MTN)/DSC03494.jpg
2308,MINISTRIES_GT,-1,15,MINISTRIES_GT/DSC03597.jpg
2272,Legon,-1,15,Legon/DSC05626.jpg
1330,SAWLA EXPRESSO,-1,15,SAWLA EXPRESSO/DSCF1185.jpg
2,0146 SOMANYA AIRTEL,-1,15,0146 SOMANYA AIRTEL/DSCF1219.jpg
1908,KAASE 4,-1,15,KAASE 4/DSCF1286.jpg
110,2738AFERE,-1,15,2738AFERE/DSCF1286.jpg
2402,PALLADIUM,-1,15,PALLADIUM/DSCF1286.jpg
1332,SEFI BODI MTN,-1,15,SEFI BODI MTN/DSCF1389.jpg
410,AMEDZOPE(VODAFONE&TIGO),-1,15,AMEDZOPE(VODAFONE&TIGO)/DSCF5185.jpg
83,2601 GURUGU MTN,-1,15,2601 GURUGU MTN/DSCF5234.jpg
241,ABUTIA(MTN),-1,15,ABUTIA(MTN)/DSCF5239.jpg
817,GUMANI JUNCTION AIRTEL,-1,15,GUMANI JUNCTION AIRTEL/DSCF5267.jpg
555,BANK OF GHANA MTN,-1,15,BANK OF GHANA MTN/DSCF5267.jpg
651,Daboase(old160),-1,15,Daboase(old160)/DSCF5337.jpg
40,1629DIARA_KADIA,-1,15,1629DIARA_KADIA/DSCF5402.jpg
708,DIARI VODAFONE,-1,15,DIARI VODAFONE/DSCF5402.jpg
1295,PIGU MTN,-1,15,PIGU MTN/DSCF5472.jpg
57,1653 WULUGU MTN,-1,15,1653 WULUGU MTN/DSCF5606.jpg
2545,0718BOLGATNGA_2,-1,15,0718BOLGATNGA_2/DSCF5606.jpg
916,KARAMENGA_GT VODAFONE,-1,15,KARAMENGA_GT VODAFONE/DSCF5610.jpg
2244,KWABENYA OSCAR  ,-1,15,KWABENYA OSCAR  /DSCI0035.jpg
279,Adwumam,-1,15,Adwumam/DSCI0134.jpg
1174,NKAWKAW GT,-1,15,NKAWKAW GT/DSCI0159.jpg
2006,MANHYIA,-1,15,MANHYIA/DSCI0210.jpg
1927,KNUST FACULTY OF PHARMACY,-1,15,KNUST FACULTY OF PHARMACY/DSCI0234.jpg
1918,KENTINKRONO 2,-1,15,KENTINKRONO 2/DSCI0326.jpg
4292,0142CANTONMENT1,-1,15,0142CANTONMENT1/DSCI0434.jpg
1664,ADUM,-1,15,ADUM/DSCI0640.jpg
1909,KANKANFRASE,-1,15,KANKANFRASE/DSCI0673.jpg
1421,TAKORADI 1,-1,15,TAKORADI 1/DSCI0953.jpg
2075,Atomic Junction,-1,15,Atomic Junction/DSCI1243.jpg
993,KOJOKROM MTN,-1,15,KOJOKROM MTN/DSCI1261.jpg
2074,atomic energy,-1,15,atomic energy/DSCN0020.jpg
249,ADAMSU,-1,15,ADAMSU/DSCN0052.jpg
1508,TEPO NTUMDA VOD,-1,15,TEPO NTUMDA VOD/DSCN0083.jpg
2414,POKUASE,-1,15,POKUASE/DSCN0103.jpg
12,0669DOMEABRA,-1,15,0669DOMEABRA/DSCN0340.jpg
1894,JAMASI 1,-1,15,JAMASI 1/DSCN0403.jpg
770,Effiekuma,-1,15,Effiekuma/DSCN0604.JPG
1627,ZIOPE TIGO,-1,15,ZIOPE TIGO/DSCN0648.jpg
794,FRANKADUA,-1,15,FRANKADUA/DSCN0654.JPG
720,DOMEABRA_TAMALE-ROAD 03 EXPRESSO,-1,15,DOMEABRA_TAMALE-ROAD 03 EXPRESSO/DSCN0676.jpg
739,DORMABIN(VODAFONE),-1,15,DORMABIN(VODAFONE)/DSCN0679.jpg
747,DUAYAW NKWANTA,-1,15,DUAYAW NKWANTA/DSCN0706.jpg
43,1635SAWLA,-1,15,1635SAWLA/DSCN0783.jpg
2274,LEGON-BUSSINESS-SCH,-1,15,LEGON-BUSSINESS-SCH/DSCN0848.jpg
289,AFLAO GT(VODAFONE),-1,15,AFLAO GT(VODAFONE)/DSCN0867.jpg
613,BOSOMOISO 2 GBC,-1,15,BOSOMOISO 2 GBC/DSCN1127.jpg
1354,SHAMA AIRTEL,-1,15,SHAMA AIRTEL/DSCN1177.jpg
1106,MIM MTN,-1,15,MIM MTN/DSCN1286.JPG
2193,GOI EXPRESSO,-1,15,GOI EXPRESSO/DSCN1323.jpg
852,HO DOME AIRTEL,-1,15,HO DOME AIRTEL/DSCN1347.jpg
2282,MADINA ESTATES,-1,15,MADINA ESTATES/DSCN1414.jpg
2194,GOI MTN,-1,15,GOI MTN/DSCN1420.jpg
2348,Nungua expresso,-1,15,Nungua expresso/DSCN1704.JPG
1418,Swedru Woraba Vodafone,-1,15,Swedru Woraba Vodafone/DSCN1840.JPG
706,DIARI TAMALE_B ROAD 02 EXPRESSO,-1,15,DIARI TAMALE_B ROAD 02 EXPRESSO/DSCN2015.jpg
6732,0799DODOWA,-1,15,0799DODOWA/DSCN2152.jpg
2472,ST. ANTHONY,-1,15,ST. ANTHONY/DSCN2178.jpg
2266,Laterbiokorshie Brigade,-1,15,Laterbiokorshie Brigade/DSCN2303.JPG
223,Abura Dunkwa Tigo,-1,15,Abura Dunkwa Tigo/DSCN2364.JPG
221,Abura C Poly MTN,-1,15,Abura C Poly MTN/DSCN2391.jpg
1001,KPANDO EXP,-1,15,KPANDO EXP/DSCN2409.jpg
938,KETE KRACHI TIGO,-1,15,KETE KRACHI TIGO/DSCN2413.JPG
1431,TAKORADI POLYTECHNIC TIGO,-1,15,TAKORADI POLYTECHNIC TIGO/DSCN2447.jpg
2224,Kawukudi Junct.,-1,15,Kawukudi Junct./DSCN2476.jpg
235,ABUTIA,-1,15,ABUTIA/DSCN2485.jpg
813,GRUPE TIGO,-1,15,GRUPE TIGO/DSCN2555.jpg
924,KENTE 2,-1,15,KENTE 2/DSCN2579.JPG
841,HO 4 MTN,-1,15,HO 4 MTN/DSCN2615.jpg
54,1648 PONG_TAMALE MTN,-1,15,1648 PONG_TAMALE MTN/DSCN2678.jpg
1339,SEFWI_WIAWSO,-1,15,SEFWI_WIAWSO/DSCN2736.jpg
1164,NKASEIM,-1,15,NKASEIM/DSCN2738.jpg
765,DZOLO(VODAFONE),-1,15,DZOLO(VODAFONE)/DSCN2757.jpg
990,KOJOKROM,-1,15,KOJOKROM/DSCN2773.jpg
749,DUAYAW NKWANTA EXPRESSO,-1,15,DUAYAW NKWANTA EXPRESSO/DSCN2787.jpg
912,KADJEBI 9,-1,15,KADJEBI 9/DSCN2821.jpg
81,1999 WUNGU MTN,-1,15,1999 WUNGU MTN/DSCN2827.JPG
587,BEREKUM HOSPITAL,-1,15,BEREKUM HOSPITAL/DSCN2852.jpg
914,KADJEBI VODAFONE,-1,15,KADJEBI VODAFONE/DSCN2934.JPG
1333,SEFWI ASAWINSO AIRTEL,-1,15,SEFWI ASAWINSO AIRTEL/DSCN2975.jpg
1232,NYAWGRUPE(TAMALE-K-ROAD 02),-1,15,NYAWGRUPE(TAMALE-K-ROAD 02)/DSCN2999.jpg
1226,NYANOA REP EXPRESSO,-1,15,NYANOA REP EXPRESSO/DSCN3213.jpg
584,BEREKUM CONTINENTAL,-1,15,BEREKUM CONTINENTAL/DSCN3281.jpg
1078,LARTEH 2,-1,15,LARTEH 2/DSCN3309.JPG
1027,KUKUOM,-1,15,KUKUOM/DSCN3313.jpg
1411,Swedro Tigo,-1,15,Swedro Tigo/DSCN3386.jpg
187,3932 MOSI_ZONGO MTN,-1,15,3932 MOSI_ZONGO MTN/DSCN3400.jpg
186,3925 ZUDGUNG MTN,-1,15,3925 ZUDGUNG MTN/DSCN3607.jpg
1916,KENTINKRONO,-1,15,KENTINKRONO/DSCN4092.JPG
847,HO AWATEDOME MTN,-1,15,HO AWATEDOME MTN/DSCN4988.JPG
1894,JAMASI 1,-1,15,JAMASI 1/DSCN6297.JPG
1878,GYENASI-KAKARI,-1,15,GYENASI-KAKARI/DSCN6510.JPG
2359,ODORKOR TIGO,-1,15,ODORKOR TIGO/DSCN6744.JPG
2256,Labadi Nativity,-1,15,Labadi Nativity/null_ct0009_se0002_1350987969018.jpg
2278,MADINA AIRTEL,-1,15,MADINA AIRTEL/PB100148.jpg
2475,Sukura,-1,15,Sukura/PB130570.jpg
2225,KISSEMAN AIRTEL,-1,15,KISSEMAN AIRTEL/PB130575.jpg
319,Ajaaka Manso,-1,15,Ajaaka Manso/PB130595.jpg
711,Dixcove(old163),-1,15,Dixcove(old163)/PB130614.jpg
306,Agona Nyakrom Mtn,-1,15,Agona Nyakrom Mtn/PB130654.jpg
2416,POKUASE (ACP),-1,15,POKUASE (ACP)/PB140679.jpg
2520,Trasacco 1800,-1,15,Trasacco 1800/PB140704.jpg
1378,SOPUMU DUNKWA TIGO,-1,15,SOPUMU DUNKWA TIGO/PB140714.jpg
1362,SKY TV,-1,15,SKY TV/PB140731.jpg
6813,0504TEMA_SSNIT,-1,15,0504TEMA_SSNIT/PB140745.jpg
942,KIBI (OLD 104),-1,15,KIBI (OLD 104)/PB140792.jpg
2100,CANTONMENTS VODAFONE,-1,15,CANTONMENTS VODAFONE/PB140802.jpg
1343,SEKONDI 1,-1,15,SEKONDI 1/PB140817.jpg
1349,SEKONDI_GT,-1,15,SEKONDI_GT/PB140828.jpg
761,DZODZE(MTN),-1,15,DZODZE(MTN)/PB140841.jpg
857,HO KPODZI MTN,-1,15,HO KPODZI MTN/PB140857.jpg
1346,SEKONDI ADIEMBRA,-1,15,SEKONDI ADIEMBRA/PB140875.jpg
4329,0226KINGDOM_BKS,-1,15,0226KINGDOM_BKS/PB140967.jpg
291,AFLAO(TIGO),-1,15,AFLAO(TIGO)/PB141026.jpg
2247,KWASHIEMAN MTN,-1,15,KWASHIEMAN MTN/PB141036.jpg
822,Gyaman,-1,15,Gyaman/PB151054.jpg
313,Agona Swedru Vodafone,-1,15,Agona Swedru Vodafone/PB151139.jpg
4317,0251EAST_LEGON3,-1,15,0251EAST_LEGON3/PB151180.jpg
4135,0198SAMPA_VALLY,-1,15,0198SAMPA_VALLY/PB161227.jpg
2427,RINGWAY,-1,15,RINGWAY/PB161250.jpg
146,2939 BOGUNAYILI MTN,-1,15,2939 BOGUNAYILI MTN/PB161300.jpg
3721,0166ACC_TECH,-1,15,0166ACC_TECH/PB161350.jpg
614,BOSOMOISO GBC,-1,15,BOSOMOISO GBC/PB161369.jpg
1338,SEFWI WIAWSO TIGO,-1,15,SEFWI WIAWSO TIGO/PB161374.jpg
876,Inchaban Tigo,-1,15,Inchaban Tigo/PB161390.jpg
3676,1102OFANKOR_3,-1,15,1102OFANKOR_3/PB161404.jpg
132,2864EKUMFO_EKU,-1,15,2864EKUMFO_EKU/PB161414.jpg
3459,0134KWABENYA,-1,15,0134KWABENYA/PB161434.jpg
2539,0629SANDEMA,-1,15,0629SANDEMA/PB161453.jpg
904,KADE,-1,15,KADE/PB161463.jpg
72,1872 KWAHU TAFO MTN,-1,15,1872 KWAHU TAFO MTN/PB181474.jpg
1050,KWAHU FODUA,-1,15,KWAHU FODUA/PB181501.jpg
6922,0770ITUMA,-1,15,0770ITUMA/PB181507.jpg
1668,0397ADUM_3,-1,15,0397ADUM_3/PB181533.jpg
261,Adiembra Tigo,-1,15,Adiembra Tigo/PB181552.jpg
6920,0741SEKONDI_3,-1,15,0741SEKONDI_3/PB181566.jpg
2541,0699ZEBILA,-1,15,0699ZEBILA/PB191583.jpg
131,2863BONSU_KONTA,-1,15,2863BONSU_KONTA/PB191599.jpg
215,ABOTOASE(TIGO),-1,15,ABOTOASE(TIGO)/PB191625.jpg
6881,0566NUNGUA_3,-1,15,0566NUNGUA_3/PB191638.jpg
1506,TEPA AMENYA,-1,15,TEPA AMENYA/PB191662.jpg
6855,0140TRADE_FAIR,-1,15,0140TRADE_FAIR/PB191675.jpg
2451,shiashie,-1,15,shiashie/PB191697.jpg
1779,ASONOMANSO,-1,15,ASONOMANSO/PB191707.jpg
769,EFFIAKUMA_NORTH,-1,15,EFFIAKUMA_NORTH/PB191725.jpg
6853,0595T_NEWTOWN_2,-1,15,0595T_NEWTOWN_2/PB191733.jpg
628,BUIPE VODAFONE,-1,15,BUIPE VODAFONE/PB201784.jpg
6852,0593TEMA_COM_11,-1,15,0593TEMA_COM_11/PB201799.jpg
1068,KWESIMINTIM,-1,15,KWESIMINTIM/PB201830.jpg
572,Beku,-1,15,Beku/PB201858.jpg
988,KOFO-SSNIT,-1,15,KOFO-SSNIT/PB201882.jpg
6849,0579T_INDTRY5,-1,15,0579T_INDTRY5/PB201886.jpg
46,1640MPEASIM,-1,15,1640MPEASIM/PB201898.jpg
6847,0575ASHA_LEBANO,-1,15,0575ASHA_LEBANO/PB201949.jpg
53,1647 GONDO_TUNA Mtn,-1,15,1647 GONDO_TUNA Mtn/PB201975.jpg
1093,MANKESSIM MTN,-1,15,MANKESSIM MTN/PB201982.jpg
48,1642BAMBOI,-1,15,1642BAMBOI/PB202010.jpg
1435,TAKORADI_EX_GT,-1,15,TAKORADI_EX_GT/PB202042.jpg
6845,0572ASH_JERICO,-1,15,0572ASH_JERICO/PB212061.jpg
318,Ahenfie,-1,15,Ahenfie/PB212072.jpg
2377,Opeibea,-1,15,Opeibea/PB212088.jpg
300,Agona Amenfi,-1,15,Agona Amenfi/PB212119.jpg
2372,OLD NINGO,-1,15,OLD NINGO/PB212125.jpg
585,BEREKUM EXPRESSO,-1,15,BEREKUM EXPRESSO/PB212149.jpg
6837,0542LASHIBI,-1,15,0542LASHIBI/PB212167.jpg
170,3645 KAKPAYILI_2 MTN,-1,15,3645 KAKPAYILI_2 MTN/PB212181.jpg
32,0939TAMALE_6,-1,15,0939TAMALE_6/PC010130.jpg
260,Adiembra rep,-1,15,Adiembra rep/PC010136.jpg
196,ABESIM MTN,-1,15,ABESIM MTN/PC020254.jpg
1111,MOREE MTN,-1,15,MOREE MTN/PC020267.jpg
4828,1135MATAHEKO,-1,15,1135MATAHEKO/PC020314.jpg
6823,0525ASH_LEBANO2,-1,15,0525ASH_LEBANO2/PC020345.jpg
2339,North Kaneshie expresso,-1,15,North Kaneshie expresso/PC020359.jpg
426,Anto Tigo,-1,15,Anto Tigo/PC030420.jpg
5046,Brofoyedru,-1,15,Brofoyedru/PC030440.jpg
1876,GOVT HILL B,-1,15,GOVT HILL B/PC030468.jpg
731,DORMAA,-1,15,DORMAA/PC030563.jpg
6806,0554KLAGON,-1,15,0554KLAGON/SAM_1070.jpg
2372,OLD NINGO,-1,15,OLD NINGO/SAM_1252.jpg
115,2748BUAKO,-1,15,2748BUAKO/SAM_1266.jpg
582,BEREKUM BR 0676 (MTN),-1,15,BEREKUM BR 0676 (MTN)/SAM_1283.jpg
1190,NKWABENG,-1,15,NKWABENG/SAM_1289.jpg
1677,3604AGOGOSO,-1,15,3604AGOGOSO/SAM_1338.jpg
869,HOHOE OLD EXP,-1,15,HOHOE OLD EXP/SAM_1365.jpg
1884,JACOBU,-1,15,JACOBU/SAM_1396.jpg
1884,JACOBU,-1,15,JACOBU/SAM_1396.jpg
2393,Osu(old33),-1,15,Osu(old33)/SAM_1396.jpg
2393,Osu(old33),-1,15,Osu(old33)/SAM_1396.jpg
1664,ADUM,-1,15,ADUM/SAM_1406.jpg
2411,Pentecost Junction,-1,15,Pentecost Junction/SAM_1968.jpg
3834,Adabraka Newtown,-1,15,Adabraka Newtown/SDC10102.jpg
3818,AKWETEYMAN,-1,15,AKWETEYMAN/SDC10176.jpg
566,BECHEM,-1,15,BECHEM/SDC10256.jpg
662,DAMANGO TIGO,-1,15,DAMANGO TIGO/SDC10410.jpg
309,Agona Swedru 2 Airtel,-1,15,Agona Swedru 2 Airtel/SDC10824.jpg
3473,Abossey Okai Zongo,-1,15,Abossey Okai Zongo/SDC11028.jpg
1702,AHWEREWA,-1,15,AHWEREWA/SDC11176.jpg
171,3646 NOBISCO MTN,-1,15,3646 NOBISCO MTN/SDC11219.jpg
160,3063 NKWATIA VODAFONE,-1,15,3063 NKWATIA VODAFONE/SDC11396.jpg
4285,0123KAN_ MARKET,-1,15,0123KAN_ MARKET/SDC11620.jpg
1058,KWAME DANSO,-1,15,KWAME DANSO/SDC11829.jpg
1700,AHODWO_,-1,15,AHODWO_/SDC11864.jpg
2095,BUBUASHIE 2 MTN,-1,15,BUBUASHIE 2 MTN/SDC12253.jpg
2097,BUBUASHIE AIRTEL,-1,15,BUBUASHIE AIRTEL/SDC12278.jpg
164,3126 MEPOM VODAFONE,-1,15,3126 MEPOM VODAFONE/SDC12423.jpg
1189,NKURAKAN,-1,15,NKURAKAN/SDC13095.jpg
1391,SUHUM AYEKOTSE,-1,15,SUHUM AYEKOTSE/SDC13139.jpg
878,JAPEKROM,-1,16,JAPEKROM/02012060072.jpg
1092,MANKESSIM AIRTEL,-1,16,MANKESSIM AIRTEL/100_2317.jpg
1295,PIGU MTN,-1,16,PIGU MTN/cs0527_ct0006_se0006_1351344144333.jpg
50,1644 TINGA_JK Mtn,-1,16,1644 TINGA_JK Mtn/cs0791_ct0001_se0036_1350291687003.jpg
544,BAANAFOUR,-1,16,BAANAFOUR/cs0963_ct0003_se0064_1350897965332.jpg
780,Essiama,-1,16,Essiama/cs1157_null_null_1352286927760.jpg
898,JUABOSO MTN,-1,16,JUABOSO MTN/cs1431_ct0006_se0026_1351078479017.jpg
1335,SEFWI BOAKO,-1,16,SEFWI BOAKO/cs1502_null_null_1351589812153.jpg
180,3882WEST_FIJAI,-1,16,3882WEST_FIJAI/cs1503_null_null_1351602691539.jpg
1340,SEFWI_WIAWSO TIGO,-1,16,SEFWI_WIAWSO TIGO/cs1505_null_null_1351506723517.jpg
124,2839EKUAS_PRSON,-1,16,2839EKUAS_PRSON/cs1509_null_null_1350994709195.jpg
1336,SEFWI BOODI,-1,16,SEFWI BOODI/cs1509_null_null_1350994804424.jpg
1645,0628ABOFOR,-1,16,0628ABOFOR/cs1514_null_null_1351493679441.jpg
94,2641 TAMALE_8 MTN,-1,16,2641 TAMALE_8 MTN/cs1524_null_null_1351414505813.jpg
1069,KWESIMINTIM TIGO,-1,16,KWESIMINTIM TIGO/cs1593_null_null_1350981048952.jpg
2306,MICHEL_CAMP_SANCO_4,-1,16,MICHEL_CAMP_SANCO_4/cs1611_null_null_1351514417419.jpg
1475,TANOKROM EAST TIGO,-1,16,TANOKROM EAST TIGO/cs1615_null_null_1351058532911.jpg
1512,TETEMA MTN,-1,16,TETEMA MTN/cs1619_null_null_1351257576015.jpg
1359,SIBI HILL MTN,-1,16,SIBI HILL MTN/cs1622_null_null_1351524634998.jpg
1481,TDI AIRPORT RIDGEZ,-1,16,TDI AIRPORT RIDGEZ/cs1625_null_null_1351608410271.jpg
3775,Achimota Golf Course,-1,16,Achimota Golf Course/cs1948_null_null_1351499019500.jpg
127,2850SKYYTV,-1,16,2850SKYYTV/cs2156_null_null_1351424351316.jpg
687,DCS_LAMACHIEGU_NORTH VODAFONE,-1,16,DCS_LAMACHIEGU_NORTH VODAFONE/cs2592_null_null_1351407692661.jpg
162,3122 PANKESE VODAFONE,-1,16,3122 PANKESE VODAFONE/cs2601_ct0001_se0023_1350563755594.jpg
1433,TAKORADI SIC TIGO,-1,16,TAKORADI SIC TIGO/cs2629_null_null_1351090450857.jpg
1153,NEW NYOMA,-1,16,NEW NYOMA/cs2900_null_null_1351064923993.jpg
250,Adansi Praso Expresso,-1,16,Adansi Praso Expresso/cs3039_null_null_1351412589392.jpg
1330,SAWLA EXPRESSO,-1,16,SAWLA EXPRESSO/cs3633_ct0006_se0026_1350989265338.jpg
1673,0314AFRANCHO,-1,16,0314AFRANCHO/cs4267_null_null_1351773886495.jpg
817,GUMANI JUNCTION AIRTEL,-1,16,GUMANI JUNCTION AIRTEL/cs4528_ct0001_se0012_1351175032765.jpg
1162,Nkakaw ,-1,16,Nkakaw /cs4846_null_null_1351597505337.jpg
992,KOJOKROM II,-1,16,KOJOKROM II/cs5180_ct0006_se0089_1351269703633.jpg
1000,KPANDELE(TAMALE-S-ROAD 01),-1,16,KPANDELE(TAMALE-S-ROAD 01)/cs5183_ct0006_se0062_1351157693714.jpg
314,AGONIA,-1,16,AGONIA/cs5187_ct0006_se0096_1351152368753.jpg
1341,SEFWI_WIAWSO VODAFONE,-1,16,SEFWI_WIAWSO VODAFONE/cs5191_ct0001_se0012_1351242294241.jpg
2288,MAKOLA IC BANK,-1,16,MAKOLA IC BANK/cs5453_null_null_1351521145658.jpg
2414,POKUASE,-1,16,POKUASE/DSC02720.jpg
12,0669DOMEABRA,-1,16,0669DOMEABRA/DSC02941.jpg
1635,ABIRIM ,-1,16,ABIRIM /DSC03409.jpg
770,Effiekuma,-1,16,Effiekuma/DSC03499.jpg
2328,Nii Boi Town,-1,16,Nii Boi Town/DSC03542.jpg
794,FRANKADUA,-1,16,FRANKADUA/DSC05626.jpg
2193,GOI EXPRESSO,-1,16,GOI EXPRESSO/DSCF5272.jpg
852,HO DOME AIRTEL,-1,16,HO DOME AIRTEL/DSCF5272.jpg
1200,NSAWAM  ,-1,16,NSAWAM  /DSCI0050.jpg
1635,ABIRIM ,-1,16,ABIRIM /DSCI0161.jpg
2326,NEW_NMAI_DJORN,-1,16,NEW_NMAI_DJORN/DSCI0265.jpg
313,Agona Swedru Vodafone,-1,16,Agona Swedru Vodafone/DSCI0342.jpg
31,0937NYAMKPALA,-1,16,0937NYAMKPALA/DSCI0573.jpg
2123,Community 19,-1,16,Community 19/DSCI0599.jpg
848,HO BANKOE AIRTEL,-1,16,HO BANKOE AIRTEL/DSCI0737.jpg
1661,Adomanu,-1,16,Adomanu/DSCI0775.jpg
924,KENTE 2,-1,16,KENTE 2/DSCI0938.jpg
990,KOJOKROM,-1,16,KOJOKROM/DSCN0119.jpg
187,3932 MOSI_ZONGO MTN,-1,16,3932 MOSI_ZONGO MTN/DSCN1185.jpg
321,AKATSI 1(MTN),-1,16,AKATSI 1(MTN)/DSCN1188.jpg
1916,KENTINKRONO,-1,16,KENTINKRONO/DSCN1324.jpg
2490,Tema Community 1,-1,16,Tema Community 1/DSCN1953.JPG
5161,Bediadua,-1,16,Bediadua/DSCN2033.JPG
2303,medie mtn,-1,16,medie mtn/DSCN2228.jpg
222,Abura Dunkwa 2,-1,16,Abura Dunkwa 2/DSCN2273.JPG
2414,Pokuase,-1,16,Pokuase/DSCN2296.JPG
810,GOKA,-1,16,GOKA/DSCN2458.JPG
2295,manet mtn,-1,16,manet mtn/DSCN2658.JPG
1866,FUFUO,-1,16,FUFUO/DSCN2684.jpg
904,KADE,-1,16,KADE/DSCN2729.jpg
1881,GYINYASI,-1,16,GYINYASI/DSCN2897.JPG
172,3658 WALEWALE_2 MTN,-1,16,3658 WALEWALE_2 MTN/DSCN2907.jpg
2356,Obeyie airtel,-1,16,Obeyie airtel/DSCN2980.jpg
28,0797 NEW TAFO,-1,16,0797 NEW TAFO/DSCN3178.jpg
902,KABANPE_REP EXPRESSO ,-1,16,KABANPE_REP EXPRESSO /DSCN3200.jpg
1905,JUASO,-1,16,JUASO/DSCN3290.jpg
2510,TESHIE KPOKPATWN,-1,16,TESHIE KPOKPATWN/DSCN3401.jpg
2509,TESHIE COLD STORE,-1,16,TESHIE COLD STORE/DSCN3614.jpg
2500,Tema Unilever,-1,16,Tema Unilever/DSCN6277.JPG
6922,0770ITUMA,-1,16,0770ITUMA/null_ct0001_se0012_1350987550516.jpg
1367,SOKODE MTN,-1,16,SOKODE MTN/null_ct0007_se0053_1350987924070.jpg
6855,0140TRADE_FAIR,-1,16,0140TRADE_FAIR/PB140716.jpg
6849,0579T_INDTRY5,-1,16,0579T_INDTRY5/PB140967.jpg
4828,1135MATAHEKO,-1,16,1135MATAHEKO/PB181501.jpg
6806,0554KLAGON,-1,16,0554KLAGON/PB191625.jpg
1058,KWAME DANSO,-1,16,KWAME DANSO/PB212118.jpg
1710,0911AKAPORISO,-1,16,0911AKAPORISO/SAM_1401.jpg
4206,1236ADABRAKA_3,-1,16,1236ADABRAKA_3/SAM_2161.jpg
3834,Adabraka Newtown,1,17,Adabraka Newtown/cs1488_null_null_1351337558040.jpg
634,BUSUA VOD,1,17,BUSUA VOD/cs1619_null_null_1351257576015.jpg
52,1646 YAPEI Mtn,1,17,1646 YAPEI Mtn/cs1625_null_null_1351608410271.jpg
2442,SAKUMONO TRAFFIC LIGHT,1,17,SAKUMONO TRAFFIC LIGHT/cs2592_null_null_1351407692661.jpg
2357,ODOKOR STATION,1,17,ODOKOR STATION/DSCN0337.jpg
3721,0166ACC_TECH,1,17,0166ACC_TECH/SAM_1412.jpg
